species,year,season,fleet,catch,catch_se
pacific sanddab,1896,1,discard-fleet,0,0.01
pacific sanddab,1897,1,discard-fleet,0,0.01
pacific sanddab,1898,1,discard-fleet,0,0.01
pacific sanddab,1899,1,discard-fleet,0,0.01
pacific sanddab,1900,1,discard-fleet,0,0.01
pacific sanddab,1901,1,discard-fleet,0,0.01
pacific sanddab,1902,1,discard-fleet,0,0.01
pacific sanddab,1903,1,discard-fleet,0,0.01
pacific sanddab,1904,1,discard-fleet,0,0.01
pacific sanddab,1905,1,discard-fleet,0,0.01
pacific sanddab,1906,1,discard-fleet,0,0.01
pacific sanddab,1907,1,discard-fleet,0,0.01
pacific sanddab,1908,1,discard-fleet,0,0.01
pacific sanddab,1909,1,discard-fleet,0,0.01
pacific sanddab,1910,1,discard-fleet,0,0.01
pacific sanddab,1911,1,discard-fleet,0,0.01
pacific sanddab,1912,1,discard-fleet,0,0.01
pacific sanddab,1913,1,discard-fleet,0,0.01
pacific sanddab,1914,1,discard-fleet,0,0.01
pacific sanddab,1915,1,discard-fleet,0,0.01
pacific sanddab,1916,1,discard-fleet,0,0.01
pacific sanddab,1917,1,discard-fleet,0,0.01
pacific sanddab,1918,1,discard-fleet,0,0.01
pacific sanddab,1919,1,discard-fleet,0,0.01
pacific sanddab,1920,1,discard-fleet,0,0.01
pacific sanddab,1921,1,discard-fleet,0,0.01
pacific sanddab,1922,1,discard-fleet,0,0.01
pacific sanddab,1923,1,discard-fleet,0,0.01
pacific sanddab,1924,1,discard-fleet,0,0.01
pacific sanddab,1925,1,discard-fleet,0,0.01
pacific sanddab,1926,1,discard-fleet,0,0.01
pacific sanddab,1928,1,discard-fleet,0,0.01
pacific sanddab,1929,1,discard-fleet,0,0.01
pacific sanddab,1930,1,discard-fleet,0,0.01
pacific sanddab,1931,1,discard-fleet,0,0.01
pacific sanddab,1932,1,discard-fleet,0.1238,0.01
pacific sanddab,1933,1,discard-fleet,0.0577,0.01
pacific sanddab,1934,1,discard-fleet,0.0215,0.01
pacific sanddab,1935,1,discard-fleet,0.0614,0.01
pacific sanddab,1936,1,discard-fleet,0.2399,0.01
pacific sanddab,1937,1,discard-fleet,1.2146,0.01
pacific sanddab,1938,1,discard-fleet,0.0249,0.01
pacific sanddab,1939,1,discard-fleet,3.7811,0.01
pacific sanddab,1940,1,discard-fleet,6.7928,0.01
pacific sanddab,1941,1,discard-fleet,8.1073,0.01
pacific sanddab,1942,1,discard-fleet,20.914,0.01
pacific sanddab,1943,1,discard-fleet,52.8191,0.01
pacific sanddab,1944,1,discard-fleet,9.338,0.01
pacific sanddab,1945,1,discard-fleet,4.0396,0.01
pacific sanddab,1946,1,discard-fleet,4.6534,0.01
pacific sanddab,1947,1,discard-fleet,10.4258,0.01
pacific sanddab,1948,1,discard-fleet,17.6597,0.01
pacific sanddab,1949,1,discard-fleet,23.3421,0.01
pacific sanddab,1950,1,discard-fleet,1.5467,0.01
pacific sanddab,1951,1,discard-fleet,2.3632,0.01
pacific sanddab,1952,1,discard-fleet,1.0695,0.01
pacific sanddab,1953,1,discard-fleet,6.4311,0.01
pacific sanddab,1954,1,discard-fleet,7.7748,0.01
pacific sanddab,1955,1,discard-fleet,12.1348,0.01
pacific sanddab,1956,1,discard-fleet,5.8024,0.01
pacific sanddab,1957,1,discard-fleet,11.1909,0.01
pacific sanddab,1958,1,discard-fleet,22.9074,0.01
pacific sanddab,1959,1,discard-fleet,2.9406,0.01
pacific sanddab,1960,1,discard-fleet,6.1459,0.01
pacific sanddab,1961,1,discard-fleet,6.9253,0.01
pacific sanddab,1962,1,discard-fleet,8.5381,0.01
pacific sanddab,1963,1,discard-fleet,7.9428,0.01
pacific sanddab,1964,1,discard-fleet,8.5191,0.01
pacific sanddab,1965,1,discard-fleet,7.0934,0.01
pacific sanddab,1966,1,discard-fleet,6.3152,0.01
pacific sanddab,1967,1,discard-fleet,7.6645,0.01
pacific sanddab,1968,1,discard-fleet,5.7196,0.01
pacific sanddab,1969,1,discard-fleet,9.009,0.01
pacific sanddab,1970,1,discard-fleet,10.4421,0.01
pacific sanddab,1971,1,discard-fleet,9.8131,0.01
pacific sanddab,1972,1,discard-fleet,15.5027,0.01
pacific sanddab,1973,1,discard-fleet,25.4924,0.01
pacific sanddab,1974,1,discard-fleet,44.6542,0.01
pacific sanddab,1975,1,discard-fleet,64.4654,0.01
pacific sanddab,1976,1,discard-fleet,53.0843,0.01
pacific sanddab,1977,1,discard-fleet,41.0238,0.01
pacific sanddab,1978,1,discard-fleet,31.2078,0.01
pacific sanddab,1979,1,discard-fleet,59.685,0.01
pacific sanddab,1980,1,discard-fleet,49.5358,0.01
pacific sanddab,1981,1,discard-fleet,164.0163,0.01
pacific sanddab,1982,1,discard-fleet,201.5842,0.01
pacific sanddab,1983,1,discard-fleet,140.51,0.01
pacific sanddab,1984,1,discard-fleet,148.4958,0.01
pacific sanddab,1985,1,discard-fleet,174.994,0.01
pacific sanddab,1986,1,discard-fleet,170.9097,0.01
pacific sanddab,1987,1,discard-fleet,214.0804,0.01
pacific sanddab,1988,1,discard-fleet,180.5211,0.01
pacific sanddab,1989,1,discard-fleet,202.0766,0.01
pacific sanddab,1990,1,discard-fleet,243.7824,0.01
pacific sanddab,1991,1,discard-fleet,245.4494,0.01
pacific sanddab,1992,1,discard-fleet,168.8973,0.01
pacific sanddab,1993,1,discard-fleet,178.286,0.01
pacific sanddab,1994,1,discard-fleet,336.5834,0.01
pacific sanddab,1995,1,discard-fleet,380.8155,0.01
pacific sanddab,1996,1,discard-fleet,247.8144,0.01
pacific sanddab,1997,1,discard-fleet,325.1434,0.01
pacific sanddab,1998,1,discard-fleet,215.3923,0.01
pacific sanddab,1999,1,discard-fleet,336.6465,0.01
pacific sanddab,2000,1,discard-fleet,248.1646,0.01
pacific sanddab,2001,1,discard-fleet,248.1437,0.01
pacific sanddab,2002,1,discard-fleet,230.6171,0.01
pacific sanddab,2003,1,discard-fleet,334.0123,0.01
pacific sanddab,2004,1,discard-fleet,177.0572,0.01
pacific sanddab,2005,1,discard-fleet,262.8455,0.01
pacific sanddab,2006,1,discard-fleet,362.28,0.01
pacific sanddab,2007,1,discard-fleet,339.6945,0.01
pacific sanddab,2008,1,discard-fleet,103.3256,0.01
pacific sanddab,2009,1,discard-fleet,430.7766,0.01
pacific sanddab,2010,1,discard-fleet,189.5137,0.01
pacific sanddab,2011,1,discard-fleet,112.8779,0.01
pacific sanddab,2012,1,discard-fleet,78.1818,0.01
pacific sanddab,2013,1,discard-fleet,72.8128,0.01
pacific sanddab,2014,1,discard-fleet,126.4387,0.01
pacific sanddab,2015,1,discard-fleet,135.3274,0.01
pacific sanddab,2016,1,discard-fleet,133.4311,0.01
pacific sanddab,2017,1,discard-fleet,67.844,0.01
pacific sanddab,2018,1,discard-fleet,57.8355,0.01
pacific sanddab,2019,1,discard-fleet,31.5428,0.01
pacific sanddab,2020,1,discard-fleet,18.2,0.01
pacific sanddab,2021,1,discard-fleet,38.8904,0.01
pacific sanddab,2022,1,discard-fleet,52.6936,0.01
pacific sanddab,2023,1,discard-fleet,40.4493,0.01
pacific sanddab,2024,1,discard-fleet,37.9151,0.01
pacific sanddab,2025,1,discard-fleet,34.205,0.01
pacific sanddab,1896,1,landings-fleet,0,0.01
pacific sanddab,1897,1,landings-fleet,0,0.01
pacific sanddab,1898,1,landings-fleet,0,0.01
pacific sanddab,1899,1,landings-fleet,0,0.01
pacific sanddab,1900,1,landings-fleet,0,0.01
pacific sanddab,1901,1,landings-fleet,0,0.01
pacific sanddab,1902,1,landings-fleet,0,0.01
pacific sanddab,1903,1,landings-fleet,0,0.01
pacific sanddab,1904,1,landings-fleet,0,0.01
pacific sanddab,1905,1,landings-fleet,0,0.01
pacific sanddab,1906,1,landings-fleet,0,0.01
pacific sanddab,1907,1,landings-fleet,0,0.01
pacific sanddab,1908,1,landings-fleet,0,0.01
pacific sanddab,1909,1,landings-fleet,0,0.01
pacific sanddab,1910,1,landings-fleet,0,0.01
pacific sanddab,1911,1,landings-fleet,0,0.01
pacific sanddab,1912,1,landings-fleet,0,0.01
pacific sanddab,1913,1,landings-fleet,0,0.01
pacific sanddab,1914,1,landings-fleet,0,0.01
pacific sanddab,1915,1,landings-fleet,0,0.01
pacific sanddab,1916,1,landings-fleet,0,0.01
pacific sanddab,1917,1,landings-fleet,0,0.01
pacific sanddab,1918,1,landings-fleet,0,0.01
pacific sanddab,1919,1,landings-fleet,0,0.01
pacific sanddab,1920,1,landings-fleet,0,0.01
pacific sanddab,1921,1,landings-fleet,0,0.01
pacific sanddab,1922,1,landings-fleet,0,0.01
pacific sanddab,1923,1,landings-fleet,0,0.01
pacific sanddab,1924,1,landings-fleet,0,0.01
pacific sanddab,1925,1,landings-fleet,0,0.01
pacific sanddab,1926,1,landings-fleet,0,0.01
pacific sanddab,1928,1,landings-fleet,0,0.01
pacific sanddab,1929,1,landings-fleet,0,0.01
pacific sanddab,1930,1,landings-fleet,1.00E-04,0.01
pacific sanddab,1931,1,landings-fleet,1.00E-04,0.01
pacific sanddab,1932,1,landings-fleet,0.4388,0.01
pacific sanddab,1933,1,landings-fleet,0.2044,0.01
pacific sanddab,1934,1,landings-fleet,0.0764,0.01
pacific sanddab,1935,1,landings-fleet,0.2176,0.01
pacific sanddab,1936,1,landings-fleet,0.8506,0.01
pacific sanddab,1937,1,landings-fleet,4.3062,0.01
pacific sanddab,1938,1,landings-fleet,0.0884,0.01
pacific sanddab,1939,1,landings-fleet,13.4057,0.01
pacific sanddab,1940,1,landings-fleet,24.0834,0.01
pacific sanddab,1941,1,landings-fleet,28.7439,0.01
pacific sanddab,1942,1,landings-fleet,74.1498,0.01
pacific sanddab,1943,1,landings-fleet,187.2677,0.01
pacific sanddab,1944,1,landings-fleet,33.1075,0.01
pacific sanddab,1945,1,landings-fleet,14.3222,0.01
pacific sanddab,1946,1,landings-fleet,16.4983,0.01
pacific sanddab,1947,1,landings-fleet,36.9643,0.01
pacific sanddab,1948,1,landings-fleet,62.6114,0.01
pacific sanddab,1949,1,landings-fleet,82.7585,0.01
pacific sanddab,1950,1,landings-fleet,5.4837,0.01
pacific sanddab,1951,1,landings-fleet,8.3786,0.01
pacific sanddab,1952,1,landings-fleet,3.7918,0.01
pacific sanddab,1953,1,landings-fleet,22.8011,0.01
pacific sanddab,1954,1,landings-fleet,27.5652,0.01
pacific sanddab,1955,1,landings-fleet,43.0231,0.01
pacific sanddab,1956,1,landings-fleet,20.5722,0.01
pacific sanddab,1957,1,landings-fleet,39.6769,0.01
pacific sanddab,1958,1,landings-fleet,81.2172,0.01
pacific sanddab,1959,1,landings-fleet,10.4258,0.01
pacific sanddab,1960,1,landings-fleet,21.7901,0.01
pacific sanddab,1961,1,landings-fleet,24.5535,0.01
pacific sanddab,1962,1,landings-fleet,30.2712,0.01
pacific sanddab,1963,1,landings-fleet,28.1608,0.01
pacific sanddab,1964,1,landings-fleet,37.3042,0.01
pacific sanddab,1965,1,landings-fleet,32.5491,0.01
pacific sanddab,1966,1,landings-fleet,37.8903,0.01
pacific sanddab,1967,1,landings-fleet,42.8741,0.01
pacific sanddab,1968,1,landings-fleet,86.1861,0.01
pacific sanddab,1969,1,landings-fleet,105.6411,0.01
pacific sanddab,1970,1,landings-fleet,94.7218,0.01
pacific sanddab,1971,1,landings-fleet,63.892,0.01
pacific sanddab,1972,1,landings-fleet,83.4653,0.01
pacific sanddab,1973,1,landings-fleet,126.593,0.01
pacific sanddab,1974,1,landings-fleet,191.7195,0.01
pacific sanddab,1975,1,landings-fleet,248.4592,0.01
pacific sanddab,1976,1,landings-fleet,213.7114,0.01
pacific sanddab,1977,1,landings-fleet,156.4824,0.01
pacific sanddab,1978,1,landings-fleet,113.2671,0.01
pacific sanddab,1979,1,landings-fleet,386.6208,0.01
pacific sanddab,1980,1,landings-fleet,262.1899,0.01
pacific sanddab,1981,1,landings-fleet,797.6143,0.01
pacific sanddab,1982,1,landings-fleet,760.8503,0.01
pacific sanddab,1983,1,landings-fleet,521.5055,0.01
pacific sanddab,1984,1,landings-fleet,564.1154,0.01
pacific sanddab,1985,1,landings-fleet,678.4095,0.01
pacific sanddab,1986,1,landings-fleet,658.3081,0.01
pacific sanddab,1987,1,landings-fleet,771.6249,0.01
pacific sanddab,1988,1,landings-fleet,706.1913,0.01
pacific sanddab,1989,1,landings-fleet,739.3548,0.01
pacific sanddab,1990,1,landings-fleet,907.991275,0.01
pacific sanddab,1991,1,landings-fleet,914.357775,0.01
pacific sanddab,1992,1,landings-fleet,642.498675,0.01
pacific sanddab,1993,1,landings-fleet,681.3573,0.01
pacific sanddab,1994,1,landings-fleet,1229.6952,0.01
pacific sanddab,1995,1,landings-fleet,1364.7408,0.01
pacific sanddab,1996,1,landings-fleet,928.6489,0.01
pacific sanddab,1997,1,landings-fleet,1177.802,0.01
pacific sanddab,1998,1,landings-fleet,775.6665,0.01
pacific sanddab,1999,1,landings-fleet,1216.0648,0.01
pacific sanddab,2000,1,landings-fleet,944.2306,0.01
pacific sanddab,2001,1,landings-fleet,927.5826,0.01
pacific sanddab,2002,1,landings-fleet,971.592,0.01
pacific sanddab,2003,1,landings-fleet,707.489425,0.01
pacific sanddab,2004,1,landings-fleet,558.749825,0.01
pacific sanddab,2005,1,landings-fleet,290.4387,0.01
pacific sanddab,2006,1,landings-fleet,452.7885,0.01
pacific sanddab,2007,1,landings-fleet,323.4427,0.01
pacific sanddab,2008,1,landings-fleet,227.2316,0.01
pacific sanddab,2009,1,landings-fleet,321.3759,0.01
pacific sanddab,2010,1,landings-fleet,198.958,0.01
pacific sanddab,2011,1,landings-fleet,240.4393,0.01
pacific sanddab,2012,1,landings-fleet,221.9434,0.01
pacific sanddab,2013,1,landings-fleet,233.1808,0.01
pacific sanddab,2014,1,landings-fleet,296.7603,0.01
pacific sanddab,2015,1,landings-fleet,197.8316,0.01
pacific sanddab,2016,1,landings-fleet,129.9851,0.01
pacific sanddab,2017,1,landings-fleet,117.2717,0.01
pacific sanddab,2018,1,landings-fleet,125.9043,0.01
pacific sanddab,2019,1,landings-fleet,74.2888,0.01
pacific sanddab,2020,1,landings-fleet,33.8037,0.01
pacific sanddab,2021,1,landings-fleet,70.6715,0.01
pacific sanddab,2022,1,landings-fleet,60.6438,0.01
pacific sanddab,2023,1,landings-fleet,98.2067,0.01
pacific sanddab,2024,1,landings-fleet,72.2269,0.01
pacific sanddab,2025,1,landings-fleet,101.2368,0.01
stripetail rockfish,1942,1,discard-fleet,0.0251,0.01
stripetail rockfish,1943,1,discard-fleet,0.2008,0.01
stripetail rockfish,1944,1,discard-fleet,0.348,0.01
stripetail rockfish,1945,1,discard-fleet,0.037,0.01
stripetail rockfish,1946,1,discard-fleet,0.1707,0.01
stripetail rockfish,1947,1,discard-fleet,0.5011,0.01
stripetail rockfish,1948,1,discard-fleet,2.0911,0.01
stripetail rockfish,1949,1,discard-fleet,2.2458,0.01
stripetail rockfish,1950,1,discard-fleet,1.1743,0.01
stripetail rockfish,1951,1,discard-fleet,1.9698,0.01
stripetail rockfish,1952,1,discard-fleet,2.8082,0.01
stripetail rockfish,1953,1,discard-fleet,1.5154,0.01
stripetail rockfish,1954,1,discard-fleet,8.6691,0.01
stripetail rockfish,1955,1,discard-fleet,7.9117,0.01
stripetail rockfish,1956,1,discard-fleet,19.2751,0.01
stripetail rockfish,1957,1,discard-fleet,9.7367,0.01
stripetail rockfish,1958,1,discard-fleet,2.48,0.01
stripetail rockfish,1959,1,discard-fleet,2.3101,0.01
stripetail rockfish,1960,1,discard-fleet,6.1698,0.01
stripetail rockfish,1961,1,discard-fleet,5.2922,0.01
stripetail rockfish,1962,1,discard-fleet,5.5387,0.01
stripetail rockfish,1963,1,discard-fleet,3.0871,0.01
stripetail rockfish,1964,1,discard-fleet,6.1642,0.01
stripetail rockfish,1965,1,discard-fleet,8.9906,0.01
stripetail rockfish,1966,1,discard-fleet,10.3096,0.01
stripetail rockfish,1967,1,discard-fleet,12.2924,0.01
stripetail rockfish,1968,1,discard-fleet,2.2799,0.01
stripetail rockfish,1969,1,discard-fleet,1.9491,0.01
stripetail rockfish,1970,1,discard-fleet,1.5023,0.01
stripetail rockfish,1971,1,discard-fleet,17.3181,0.01
stripetail rockfish,1972,1,discard-fleet,14.426,0.01
stripetail rockfish,1973,1,discard-fleet,1.9253,0.01
stripetail rockfish,1974,1,discard-fleet,3.3487,0.01
stripetail rockfish,1975,1,discard-fleet,1.4003,0.01
stripetail rockfish,1976,1,discard-fleet,0.1011,0.01
stripetail rockfish,1977,1,discard-fleet,0.6996,0.01
stripetail rockfish,1978,1,discard-fleet,3.8015,0.01
stripetail rockfish,1979,1,discard-fleet,5.9383,0.01
stripetail rockfish,1980,1,discard-fleet,2.0358,0.01
stripetail rockfish,1981,1,discard-fleet,29.9682,0.01
stripetail rockfish,1982,1,discard-fleet,34.7052,0.01
stripetail rockfish,1983,1,discard-fleet,35.0843,0.01
stripetail rockfish,1984,1,discard-fleet,22.6355,0.01
stripetail rockfish,1985,1,discard-fleet,40.2259,0.01
stripetail rockfish,1986,1,discard-fleet,16.0891,0.01
stripetail rockfish,1987,1,discard-fleet,24.3901,0.01
stripetail rockfish,1988,1,discard-fleet,17.7447,0.01
stripetail rockfish,1989,1,discard-fleet,23.3996,0.01
stripetail rockfish,1990,1,discard-fleet,27.9118,0.01
stripetail rockfish,1991,1,discard-fleet,19.0811,0.01
stripetail rockfish,1992,1,discard-fleet,4.7721,0.01
stripetail rockfish,1993,1,discard-fleet,34.5261,0.01
stripetail rockfish,1994,1,discard-fleet,12.4913,0.01
stripetail rockfish,1995,1,discard-fleet,39.7428,0.01
stripetail rockfish,1996,1,discard-fleet,14.6404,0.01
stripetail rockfish,1997,1,discard-fleet,17.9234,0.01
stripetail rockfish,1998,1,discard-fleet,37.0775,0.01
stripetail rockfish,1999,1,discard-fleet,4.1551,0.01
stripetail rockfish,2000,1,discard-fleet,1.9491,0.01
stripetail rockfish,2001,1,discard-fleet,3.9874,0.01
stripetail rockfish,2002,1,discard-fleet,32.6846,0.01
stripetail rockfish,2003,1,discard-fleet,0.2994,0.01
stripetail rockfish,2004,1,discard-fleet,14.485,0.01
stripetail rockfish,2005,1,discard-fleet,1.4829,0.01
stripetail rockfish,2006,1,discard-fleet,14.6543,0.01
stripetail rockfish,2007,1,discard-fleet,9.1453,0.01
stripetail rockfish,2008,1,discard-fleet,13.3254,0.01
stripetail rockfish,2009,1,discard-fleet,12.3671,0.01
stripetail rockfish,2010,1,discard-fleet,15.9952,0.01
stripetail rockfish,2011,1,discard-fleet,3.1331,0.01
stripetail rockfish,2012,1,discard-fleet,13.2008,0.01
stripetail rockfish,2013,1,discard-fleet,18.1593,0.01
stripetail rockfish,2014,1,discard-fleet,14.0984,0.01
stripetail rockfish,2015,1,discard-fleet,16.3908,0.01
stripetail rockfish,2016,1,discard-fleet,8.2415,0.01
stripetail rockfish,2017,1,discard-fleet,27.4063,0.01
stripetail rockfish,2018,1,discard-fleet,38.0795,0.01
stripetail rockfish,2019,1,discard-fleet,61.4509,0.01
stripetail rockfish,2020,1,discard-fleet,60.1219,0.01
stripetail rockfish,2021,1,discard-fleet,73.2842,0.01
stripetail rockfish,2022,1,discard-fleet,40.2535,0.01
stripetail rockfish,2023,1,discard-fleet,38.0626,0.01
stripetail rockfish,2024,1,discard-fleet,34.8458,0.01
stripetail rockfish,2025,1,discard-fleet,39.7848,0.01
stripetail rockfish,1942,1,landings-fleet,0.0307,0.01
stripetail rockfish,1943,1,landings-fleet,0.2454,0.01
stripetail rockfish,1944,1,landings-fleet,0.4253,0.01
stripetail rockfish,1945,1,landings-fleet,0.0452,0.01
stripetail rockfish,1946,1,landings-fleet,0.2086,0.01
stripetail rockfish,1947,1,landings-fleet,0.6125,0.01
stripetail rockfish,1948,1,landings-fleet,2.5558,0.01
stripetail rockfish,1949,1,landings-fleet,2.7449,0.01
stripetail rockfish,1950,1,landings-fleet,1.4353,0.01
stripetail rockfish,1951,1,landings-fleet,2.4075,0.01
stripetail rockfish,1952,1,landings-fleet,3.4323,0.01
stripetail rockfish,1953,1,landings-fleet,1.8522,0.01
stripetail rockfish,1954,1,landings-fleet,10.5956,0.01
stripetail rockfish,1955,1,landings-fleet,9.6699,0.01
stripetail rockfish,1956,1,landings-fleet,23.5585,0.01
stripetail rockfish,1957,1,landings-fleet,11.9004,0.01
stripetail rockfish,1958,1,landings-fleet,3.0311,0.01
stripetail rockfish,1959,1,landings-fleet,2.8235,0.01
stripetail rockfish,1960,1,landings-fleet,7.5409,0.01
stripetail rockfish,1961,1,landings-fleet,6.4682,0.01
stripetail rockfish,1962,1,landings-fleet,6.7695,0.01
stripetail rockfish,1963,1,landings-fleet,3.7731,0.01
stripetail rockfish,1964,1,landings-fleet,7.534,0.01
stripetail rockfish,1965,1,landings-fleet,10.9885,0.01
stripetail rockfish,1966,1,landings-fleet,12.6006,0.01
stripetail rockfish,1967,1,landings-fleet,15.024,0.01
stripetail rockfish,1968,1,landings-fleet,2.7865,0.01
stripetail rockfish,1969,1,landings-fleet,2.3822,0.01
stripetail rockfish,1970,1,landings-fleet,1.8361,0.01
stripetail rockfish,1971,1,landings-fleet,21.1666,0.01
stripetail rockfish,1972,1,landings-fleet,17.6318,0.01
stripetail rockfish,1973,1,landings-fleet,2.3532,0.01
stripetail rockfish,1974,1,landings-fleet,4.0929,0.01
stripetail rockfish,1975,1,landings-fleet,1.7114,0.01
stripetail rockfish,1976,1,landings-fleet,0.1236,0.01
stripetail rockfish,1977,1,landings-fleet,0.8551,0.01
stripetail rockfish,1978,1,landings-fleet,4.6462,0.01
stripetail rockfish,1979,1,landings-fleet,7.2579,0.01
stripetail rockfish,1980,1,landings-fleet,2.4882,0.01
stripetail rockfish,1981,1,landings-fleet,36.6278,0.01
stripetail rockfish,1982,1,landings-fleet,42.4174,0.01
stripetail rockfish,1983,1,landings-fleet,42.8808,0.01
stripetail rockfish,1984,1,landings-fleet,27.6655,0.01
stripetail rockfish,1985,1,landings-fleet,49.1649,0.01
stripetail rockfish,1986,1,landings-fleet,19.6644,0.01
stripetail rockfish,1987,1,landings-fleet,29.81012526,0.01
stripetail rockfish,1988,1,landings-fleet,21.68799796,0.01
stripetail rockfish,1989,1,landings-fleet,28.59952965,0.01
stripetail rockfish,1990,1,landings-fleet,34.11432548,0.01
stripetail rockfish,1991,1,landings-fleet,23.32126064,0.01
stripetail rockfish,1992,1,landings-fleet,5.832557593,0.01
stripetail rockfish,1993,1,landings-fleet,42.1984317,0.01
stripetail rockfish,1994,1,landings-fleet,112.4209681,0.01
stripetail rockfish,1995,1,landings-fleet,48.57446285,0.01
stripetail rockfish,1996,1,landings-fleet,17.89388636,0.01
stripetail rockfish,1997,1,landings-fleet,21.90630986,0.01
stripetail rockfish,1998,1,landings-fleet,45.31689384,0.01
stripetail rockfish,1999,1,landings-fleet,5.078454455,0.01
stripetail rockfish,2000,1,landings-fleet,2.3823,0.01
stripetail rockfish,2001,1,landings-fleet,4.8735,0.01
stripetail rockfish,2002,1,landings-fleet,1.1609,0.01
stripetail rockfish,2003,1,landings-fleet,0.1253,0.01
stripetail rockfish,2004,1,landings-fleet,0.1124,0.01
stripetail rockfish,2005,1,landings-fleet,0.3163,0.01
stripetail rockfish,2006,1,landings-fleet,0.157,0.01
stripetail rockfish,2007,1,landings-fleet,0.0312,0.01
stripetail rockfish,2008,1,landings-fleet,0.008,0.01
stripetail rockfish,2009,1,landings-fleet,0.0584,0.01
stripetail rockfish,2010,1,landings-fleet,0.0048,0.01
stripetail rockfish,2011,1,landings-fleet,0.2918,0.01
stripetail rockfish,2012,1,landings-fleet,0.5486,0.01
stripetail rockfish,2013,1,landings-fleet,0.988,0.01
stripetail rockfish,2014,1,landings-fleet,0.8237,0.01
stripetail rockfish,2015,1,landings-fleet,0.422,0.01
stripetail rockfish,2016,1,landings-fleet,0.6692,0.01
stripetail rockfish,2017,1,landings-fleet,2.1359,0.01
stripetail rockfish,2018,1,landings-fleet,1.878,0.01
stripetail rockfish,2019,1,landings-fleet,4.1387,0.01
stripetail rockfish,2020,1,landings-fleet,5.3775,0.01
stripetail rockfish,2021,1,landings-fleet,6.0277,0.01
stripetail rockfish,2022,1,landings-fleet,6.8046,0.01
stripetail rockfish,2023,1,landings-fleet,10.8359,0.01
stripetail rockfish,2024,1,landings-fleet,11.4794,0.01
stripetail rockfish,2025,1,landings-fleet,7.6911,0.01
