"year","fleet","trips","samples","input_n"
1981,"landed-comps",6,14,7.932
1982,"landed-comps",31,174,55.012
1983,"landed-comps",49,243,82.534
1984,"landed-comps",39,294,79.572
1985,"landed-comps",74,372,125.336
1986,"landed-comps",53,242,86.396
1987,"landed-comps",46,206,74.428
1988,"landed-comps",32,69,41.522
1989,"landed-comps",23,107,37.766
1990,"landed-comps",25,93,37.834
1991,"landed-comps",31,75,41.35
1992,"landed-comps",11,33,15.554
1993,"landed-comps",23,108,37.904
1994,"landed-comps",32,274,69.812
1995,"landed-comps",23,150,43.7
1996,"landed-comps",30,108,44.904
1997,"landed-comps",32,115,47.87
1998,"landed-comps",34,238,66.844
1999,"landed-comps",27,172,50.736
2000,"landed-comps",6,15,8.07
2001,"landed-comps",11,105,25.49
2002,"landed-comps",6,22,9.036
2003,"landed-comps",1,1,1.138
2004,"landed-comps",2,10,3.38
2005,"landed-comps",7,43,12.934
2006,"landed-comps",2,28,5.864
2007,"landed-comps",3,12,4.656
2008,"landed-comps",3,5,3.69
2009,"landed-comps",6,48,12.624
2010,"landed-comps",1,2,1.276
2011,"landed-comps",3,75,13.35
2012,"landed-comps",16,183,41.254
2013,"landed-comps",13,137,31.906
2014,"landed-comps",6,130,29.94
2015,"landed-comps",8,109,31.042
2016,"landed-comps",21,77,31.626
2017,"landed-comps",21,227,52.326
2018,"landed-comps",16,164,38.632
2019,"landed-comps",22,106,36.628
2020,"landed-comps",16,120,32.56
2021,"landed-comps",11,104,25.352
2022,"landed-comps",21,211,50.118
2023,"landed-comps",14,220,44.36
2024,"landed-comps",16,411,72.718
2025,"landed-comps",4,77,14.626
