"year","month","fleet","sex","partition","input_n","f8","f10","f12","f14","f16","f18","f20","f22","f24","f26","f28","f30","f32","m8","m10","m12","m14","m16","m18","m20","m22","m24","m26","m28","m30","m32"
2001,"7","retained-comps",0,2,14.12,0,0,0,0,0,0,0,0,1692.547,12375.4262,9636.9379,1455.706,0,0,0,0,0,0,0,0,0,0,0,0,0,0
2002,"7","retained-comps",0,2,7.06,0,0,0,0,0,0,1871.0529,9355.2643,9355.2643,41163.1628,22452.6343,1871.0529,0,0,0,0,0,0,0,0,0,0,0,0,0,0
2004,"7","retained-comps",0,2,14.12,0,0,0,0,0,0,0,9355.2643,65486.8499,89810.537,59873.6913,7484.2114,1871.0529,0,0,0,0,0,0,0,0,0,0,0,0,0
2005,"7","retained-comps",0,2,6.14,0,0,0,0,0,0,0,453.111,1359.3329,6138.196,4077.9986,1359.3329,453.111,0,0,0,0,0,0,0,0,0,0,0,0,0
2006,"7","retained-comps",0,2,20.25,0,0,0,0,0,0,0,1396.863,15598.275,34062.996,19273.4403,4012.8002,7760.4699,0,0,0,0,0,0,0,0,0,0,0,0,0
2007,"7","retained-comps",0,2,23.008,0,0,0,0,0,0,817.0236,19.4529,11492.3221,37122.2845,19141.5694,1758.2348,0,0,0,0,0,0,0,0,0,0,0,0,0,0
2009,"7","retained-comps",0,2,26.528,0,0,0,0,0,0,0,2101.1337,29074.9435,119828.5978,82616.8309,17271.7873,3432.9781,0,0,0,0,0,0,0,0,0,0,0,0,0
2010,"7","retained-comps",0,2,41.396,0,0,0,0,0,0,78.6273,3045.1699,13810.9677,43196.2841,38243.1735,16778.7388,2984.9709,0,0,0,0,0,0,0,0,0,0,0,0,0
2011,"7","retained-comps",0,2,13.108,0,0,0,0,0,0,10295.9007,5626.1662,2690.5327,15330.0346,38092.2501,13136.3928,0,0,0,0,0,0,0,0,0,0,0,0,0,0
2012,"7","retained-comps",0,2,9.658,0,0,0,0,0,0,0,6052.3283,8230.4515,5748.3272,2560.3826,0,0,0,0,0,0,0,0,0,0,0,0,0,0,0
2014,"7","retained-comps",0,2,17.282,0,0,0,0,0,1797.7291,8089.781,23370.4785,5746.655,3976.0395,3761.8172,1019.5325,0,0,0,0,0,0,0,0,0,0,0,0,0,0
2015,"7","retained-comps",0,2,10.866,0,0,0,107.347,0,0,111.8844,1189.5949,1058.599,2986.4541,1859.0031,361.4728,0,0,0,0,0,0,0,0,0,0,0,0,0,0
2016,"7","retained-comps",0,2,1.138,0,0,29.9213,0,0,0,0,0,0,0,0,0,0,0,0,0,0,0,0,0,0,0,0,0,0,0
2017,"7","retained-comps",0,2,6.484,0,0,23.0219,0,0,10.0973,0,0,87.3648,422.8457,218.9945,0,29.1216,0,0,0,0,0,0,0,0,0,0,0,0,0
2018,"7","retained-comps",0,2,4.656,0,0,0,14.2346,58.7264,14.2346,3.5586,0,0,0,17.8655,0,0,0,0,0,0,0,0,0,0,0,0,0,0,0
2019,"7","retained-comps",0,2,89.486,0,0,0,0,0,428.8925,4018.5412,10910.6531,33651.9432,51144.0034,19728.1035,1072.2602,565.3391,0,0,0,0,0,0,0,0,0,0,0,0,0
2020,"7","retained-comps",0,2,29.114,0,0,0,0,0,0,957.7479,6010.3145,10246.2076,20922.4812,8644.0067,1041.11,0,0,0,0,0,0,0,0,0,0,0,0,0,0
2021,"7","retained-comps",0,2,12.074,0,0,509.0299,0,0,0,2545.1497,1800.6617,2287.247,4377.1497,1915.003,645.8159,0,0,0,0,0,0,0,0,0,0,0,0,0,0
2022,"7","retained-comps",0,2,21.18,0,0,0,0,0,0,3773.8429,13086.5823,39206.9374,51578.5612,25785.2183,1468.5083,0,0,0,0,0,0,0,0,0,0,0,0,0,0
2024,"7","retained-comps",0,2,1.276,0,0,0,0,568.3852,0,0,0,0,0,0,0,0,0,0,0,0,0,0,0,0,0,0,0,0,0
2025,"7","retained-comps",0,2,1.138,0,0,0,0,343.3519,0,0,0,0,0,0,0,0,0,0,0,0,0,0,0,0,0,0,0,0,0
1994,"7","retained-comps",3,2,21.18,0,0,0,0,0,0,1871.0529,0,7484.2114,14968.4228,41163.1628,52389.4799,22452.6343,0,0,0,0,0,0,3742.1057,7484.2114,24323.6871,44905.2685,41163.1628,13097.37,0
1995,"7","retained-comps",3,2,21.18,0,0,0,1687.711,0,6750.8439,5246.4748,8621.8967,20619.2154,53014.7736,51327.0626,66295.4854,10859.6334,0,0,0,1687.711,0,1687.711,1871.0529,12364.0024,35404.2963,50960.3788,52060.4301,0,0
1996,"7","retained-comps",3,2,14.12,0,0,0,0,0,0,1871.0529,2656.919,5800.3835,48311.0871,48423.1828,16428.0594,785.8661,0,0,0,0,0,0,0,2656.919,17213.9255,25184.6824,15530.0975,6286.929,785.8661
1997,"7","retained-comps",3,2,70.6,0,0,0,0,0,0,1871.0529,5033.2267,29475.8556,90639.0223,126201.0567,73752.7026,15123.9939,0,0,0,0,0,0,0,1962.9005,17429.4918,33881.1522,23311.9745,1871.0529,3742.1057
1998,"7","retained-comps",3,2,63.54,0,0,0,0,0,1901.093,6116.6917,26130.6249,60392.3669,74318.2787,76138.941,19486.5341,0,0,0,0,0,1871.0529,1871.0529,11668.7088,13834.0471,34071.4626,29071.0858,3742.1057,54.9268,0
1999,"7","retained-comps",3,2,28.24,0,0,0,0,0,1420.7503,1420.7503,0,19936.493,45353.3215,47239.7488,26389.3846,0,0,0,0,0,0,0,1420.7503,4262.251,6407.7857,6785.5956,2337.2005,0,0
2000,"7","retained-comps",3,2,56.48,0,0,0,0,0,0,1924.3102,4154.7955,28908.0165,75081.8791,38567.5439,9272.5752,1871.0529,0,0,0,0,0,0,3848.6204,20741.3535,15497.2707,11600.1828,2261.1685,93.1456,0
2001,"7","retained-comps",3,2,63.54,0,0,0,0,0,0,1871.0529,6196.785,18007.8999,36309.0795,63977.2422,10037.3694,0,0,0,0,0,0,1871.0529,9830.8227,11802.2944,4759.9669,13085.9131,2306.7303,24.9746,0
2002,"7","retained-comps",3,2,77.66,0,0,0,0,0,638.966,638.966,5372.2831,22797.7,104290.4394,171753.1793,68137.7332,5219.0123,0,0,0,0,638.966,2555.864,8028.5241,10525.4654,31213.6775,17678.971,2570.3423,0,0
2003,"7","retained-comps",3,2,225.92,0,0,0,0,3742.1057,7334.4806,31799.0302,86137.5542,267742.8507,410755.0898,570522.1936,191770.9559,14394.2528,0,1871.0529,0,0,7334.4806,16689.7449,87490.2916,116146.1395,187105.3967,127272.0363,19745.7168,4222.3469,0
2004,"7","retained-comps",3,2,190.62,0,0,0,0,0,0,6634.1113,26303.0063,94498.5434,230636.248,318728.6154,151943.0947,7300.3431,0,0,0,0,0,7484.2114,20216.4731,82350.6444,97302.4883,45838.8334,12879.4224,3256.6869,18.6079
2005,"7","retained-comps",3,2,204.74,0,0,0,0,0,7059.1012,5350.2111,81265.2347,189782.4657,327257.5521,319283.3451,104190.8477,5747.626,0,0,0,0,0,4415.6074,43483.4068,109000.4647,87263.4786,27721.7314,6858.0501,3266.0382,90.6906
2006,"7","retained-comps",3,2,338.88,0,0,0,0,30.7098,0,8290.6262,38921.3554,140305.8809,339946.5163,499039.2725,219436.7485,25495.3215,0,0,0,0,0,1871.0529,23057.242,56980.919,100918.7661,34224.1258,4641.5589,702.443,0
2007,"7","retained-comps",3,2,340.006,0,1871.0529,0,0,0,315.9158,1910.5743,27629.1685,171268.7207,394978.2519,421063.8001,155603.1445,26638.7692,0,0,0,0,1223.3567,4584.6177,8507.2238,44059.2925,53469.4097,35933.7459,6201.9439,1821.9461,401.3069
2008,"7","retained-comps",3,2,275.842,0,0,0,399.0987,0,0,10608.7128,26640.7203,129269.293,380499.425,399583.3009,97693.4683,38334.5314,0,0,399.0987,399.0987,0,0,1197.3412,18079.0838,52205.7914,37763.1179,1850.9683,341.786,1519.6014
2009,"7","retained-comps",3,2,278.082,0,0,0,0,0,252.7137,7611.3878,78165.2444,138326.972,267352.7356,267489.5817,111787.1436,10392.5957,0,0,0,0,0,0,3909.3258,34771.9441,65093.0902,33555.1992,6369.68,166.069,33.2138
2010,"7","retained-comps",3,2,221.298,0,0,0,1450.5099,0,1450.5099,12916.478,69080.2069,133404.8458,213114.7627,166262.4385,69564.042,4951.8239,0,0,0,1450.5099,2901.0199,5820.468,19635.1213,27210.0009,26617.1072,14141.2574,1549.7317,0,0
2011,"7","retained-comps",3,2,147.924,0,0,0,0,0,0,3463.2953,34333.6939,126614.4166,175037.7796,125952.9749,41805.3953,2240.9818,0,0,0,0,0,3394.1108,18293.7312,28119.332,24425.4675,7534.316,424.5538,62.6959,0
2012,"7","retained-comps",3,2,172.142,0,0,0,0,0,0,1529.3121,19941.4182,159374.037,197149.1921,210022.2181,99708.9202,9178.6576,0,0,0,798.3842,0,2966.4024,1757.6811,26679.6974,62635.0486,17120.7681,4522.6494,1656.5678,0
2013,"7","retained-comps",3,2,235.686,0,0,0,0,0,0,4148.6425,15967.4989,63395.5309,214037.9815,219869.4336,120643.0596,6043.7252,0,0,0,0,989.1445,0,3367.8869,34109.0851,58844.6031,18299.6842,5748.5504,0,0
2014,"7","retained-comps",3,2,270.94,0,0,0,484.5374,0,0,2796.7645,21362.0118,90812.9063,229493.2758,313245.7079,156781.4048,21614.9011,0,0,0,0,0,0,3133.4382,23235.2964,61558.057,38247.2768,8554.654,0,0
2015,"7","retained-comps",3,2,320.826,0,0,0,107.347,862.2763,346.6778,3814.1843,29030.1933,92181.8766,208502.4179,244613.3718,120398.9018,11945.4488,0,0,0,101.4621,0,1861.6049,5074.833,32089.616,39303.6938,31096.2323,3392.4219,6.5814,598.5834
2016,"7","retained-comps",3,2,279.978,0,0,0,0,89.7639,883.3872,6480.2714,27868.857,92125.2153,151635.2259,110310.2416,54348.9512,8618.7577,0,0,0,0,89.7639,232.1287,6546.2572,16672.119,28347.519,16572.9475,2431.1816,105.4672,0
2017,"7","retained-comps",3,2,279.976,0,10.0973,0,0,316.117,712.3536,2444.9076,10566.403,49390.1886,113531.4346,93096.9237,32089.3038,4524.0809,0,0,0,23.0219,287.9777,397.6709,1437.7377,12200.5059,18496.7186,11430.6666,1494.7037,123.3073,27.4825
2018,"7","retained-comps",3,2,304.54,0,0,0,0,0,0,7175.4457,28827.042,73951.6402,155144.3143,108821.9601,30193.3233,2469.7632,0,0,0,0,1286.4505,3859.3515,30620.9485,137004.8173,107913.7132,51314.7552,16429.2996,3895.0677,533.7874
2019,"7","retained-comps",3,2,165.236,0,0,15.5098,0,45.0163,258.5959,1280.7086,6345.8921,23683.4541,37863.4026,29584.0484,7882.1789,1941.0652,0,0,0,13.4579,31.8764,210.7919,1594.5295,2260.4101,5666.152,783.8037,33.2136,39.0007,412.1302
2020,"7","retained-comps",3,2,31.08,0,0,0,0,0,198.4401,445.8084,361.7737,7313.554,8649.4871,6602.3849,1808.3525,33.5413,0,0,0,0,0,0,868.8035,1655.8767,5360.8897,2583.4339,39.1385,33.5413,0
2021,"7","retained-comps",3,2,118.772,0,0,0,0,520.8154,1279.6661,3685.1208,6378.5321,24384.5569,69303.1085,60470.4502,17793.1021,3022.6554,0,0,0,0,0,14.5805,613.9755,10362.6919,15995.2872,10444.8173,655.8928,0,0
2022,"7","retained-comps",3,2,112.562,0,0,0,0,11.3068,110.4936,1208.3135,6914.8145,11853.5108,19350.227,24271.381,15282.8626,2970.3588,0,0,0,0,0,0,169.301,1367.0496,4278.8864,2516.4114,388.8524,0,0
2023,"7","retained-comps",3,2,127.912,0,0,0,0,0,455.3081,3607.7419,10520.513,28811.7569,108271.0534,111726.8924,25267.36,2194.9972,0,0,0,0,311.0781,497.0869,3051.1056,8978.8483,15785.1467,848.0465,87.1536,0,66.8753
2024,"7","retained-comps",3,2,70.268,0,0,0,0,0,0,284.1926,4798.5386,17244.2936,57300.8714,44999.0606,12982.234,1388.8915,0,0,0,0,568.3852,284.1926,693.3947,6070.313,13566.5461,4069.6307,1084.9845,125.0096,0
2025,"7","retained-comps",3,2,80.444,0,0,0,0,0,372.8573,581.696,3115.8758,26398.3717,52679.5898,45368.5115,11398.711,1708.2799,0,0,0,0,1118.5719,1972.1852,1905.6823,852.107,9187.6928,667.6029,419.8536,299.4389,61.2981
